english,vietnamese
the,các
be,thì là ở
and,và
of,của
a,một
in,Trong
to,đến
have,có
it,nó
I,Tôi
that,điều đó
for,vì
you,bạn
he,anh ta
with,với
on,trên
do,làm
say,Nói
this,cái này
they,họ
at,tại
but,nhưng
we,chúng tôi
his,của anh
from,từ
not,không phải
by,qua
she,bà ấy
or,hoặc
as,như
what,Gì
go,đi
their,của họ
can,có thể
who,Ai
get,được
if,nếu
would,sẽ
her,của cô
all,tất cả các
my,của tôi
make,chế tạo
about,xung quanh
know,biết rôi
will,sẽ
up,hướng lên
one,một
time,thời gian
there,ở đó
year,năm
so,Vì thế
think,nghĩ
when,khi nào
which,cái mà
them,họ
some,một số
me,tôi
people,Mọi người
take,cầm lấy
out,ngoài
into,vào trong
just,chỉ cần
see,xem
him,anh ta
your,của bạn
come,đến
could,có thể
now,hiện nay
than,hơn
like,Thích
other,khác
how,thế nào
then,sau đó
its,nó là
our,của chúng ta
two,hai
more,hơn
these,này
want,muốn
way,đường
look,nhìn
first,đầu tiên
also,Mà còn
new,Mới
because,bởi vì
day,ngày
use,sử dụng
no,không
man,Đàn ông
find,tìm thấy
here,đây
thing,Điều
give,cho
many,nhiều
well,ổn
only,chỉ có
those,"những, cái đó"
tell,kể
very,rất
even,thậm chí
back,trở lại
any,không tí nào
good,tốt
woman,người đàn bà
through,xuyên qua
us,chúng ta
life,mạng sống
child,trẻ em
work,công việc
down,xuống
may,có thể
after,sau đó
should,Nên
call,cuộc gọi
world,thế giới
over,trên
school,trường học
still,vẫn
try,cố gắng
last,Cuối cùng
ask,hỏi
need,cần
too,quá
feel,cảm xúc
three,số ba
state,tiểu bang
never,chẳng bao giờ
become,trở thành
between,ở giữa
high,cao
really,Thực ra
something,thứ gì đó
most,phần lớn
another,nữa
much,nhiều
family,gia đình
own,riêng
leave,rời khỏi
put,đặt
old,cũ
while,trong khi
mean,bần tiện
keep,giữ
student,sinh viên
why,tại sao
let,để cho
great,tuyệt vời
same,như nhau
big,to lớn
group,tập đoàn
begin,bắt đầu
seem,có vẻ
country,quốc gia
help,Cứu giúp
talk,nói chuyện
where,ở đâu
turn,xoay
problem,vấn đề
every,mọi
start,bắt đầu
hand,tay
might,có thể
American,Người Mỹ
show,trình diễn
part,phần
against,chống lại
place,nơi
such,như là
again,lần nữa
few,một vài
case,trường hợp
week,tuần
company,Công ty
system,hệ thống
each,mỗi
right,đúng
program,chương trình
hear,Nghe
question,câu hỏi
during,suốt trong
play,chơi
government,chính quyền
run,chạy
small,bé nhỏ
number,con số
off,tắt
always,luôn
move,di chuyển
night,đêm
live,sống
Mr,Ông
point,điểm
believe,tin
hold,tổ chức
today,hôm nay
bring,mang đến
happen,cắn
next,tiếp theo
without,không có
before,trước
large,lớn
million,triệu
must,phải
home,Trang Chủ
under,Dưới
water,nước
room,phòng
write,viết
mother,người mẹ
area,diện tích
national,Quốc gia
money,tiền bạc
story,câu chuyện
young,trẻ tuổi
fact,sự thật
month,tháng
different,khác biệt
lot,nhiều
study,học
book,sách
eye,con mắt
job,Công việc
word,từ
though,Tuy nhiên
business,kinh doanh
issue,số báo
side,cạnh
kind,Tốt bụng
four,Bốn
head,cái đầu
far,xa
black,đen
long,Dài
both,cả hai
little,ít
house,nhà ở
yes,Vâng
since,từ
provide,cung cấp
service,dịch vụ
around,xung quanh
friend,bạn
important,quan trọng
father,cha
sit,ngồi
away,xa
until,cho đến khi
power,sức mạnh
hour,giờ
game,trò chơi
often,thường
yet,chưa
line,dòng
political,chính trị
end,chấm dứt
among,giữa
ever,bao giờ
stand,đứng
bad,xấu
lose,mất
however,Tuy vậy
member,hội viên
pay,trả
law,pháp luật
meet,gặp nhau
car,xe ô tô
city,thành phố
almost,gần như
include,bao gồm
continue,tiếp tục
set,bộ
later,sau
community,cộng đồng
name,Tên
five,năm
once,Một lần
white,trắng
least,ít nhất
president,chủ tịch
learn,học hỏi
real,thực
change,biến đổi
team,đội
minute,phút
best,tốt
several,một số
idea,ý tưởng
kid,đứa trẻ
body,thân thể
information,thông tin
nothing,không có gì
ago,trước kia
lead,chì
social,xã hội
understand,hiểu không
whether,liệu
watch,đồng hồ
together,cùng với nhau
follow,theo
parent,cha mẹ
stop,dừng lại
face,mặt
anything,bất cứ điều gì
create,tạo ra
public,công cộng
already,đã sẵn sàng
speak,nói chuyện
others,người khác
read,đọc
level,cấp độ
allow,cho phép
add,cộng
office,văn phòng
spend,chi tiêu
door,cửa
health,Sức khỏe
person,người
art,Mỹ thuật
sure,chắc chắn rồi
war,chiến tranh
history,Môn lịch sử
party,bữa tiệc
within,ở trong
grow,lớn lên
result,kết quả
open,mở
morning,buổi sáng
walk,đi bộ
reason,lý do
low,thấp
win,thắng lợi
research,tìm kiếm
girl,cô gái
guy,chàng
early,sớm
food,món ăn
moment,chốc lát
himself,bản thân anh ấy
air,không khí
teacher,giáo viên
force,lực lượng
offer,phục vụ
enough,đầy đủ
education,giáo dục
across,băng qua
although,Mặc du
remember,nhớ
foot,Bàn Chân
second,thứ hai
boy,cậu bé
maybe,có lẽ
toward,theo hướng
able,có thể
age,lứa tuổi
policy,chính sách
everything,mọi thứ
love,yêu và quý
process,tiến trình
music,Âm nhạc
including,bao gồm
consider,xem xét
appear,xuất hiện
actually,thực ra
buy,mua
probably,có thể
human,Nhân loại
wait,đợi đã
serve,phục vụ
market,thị trường
die,các
send,gửi
expect,chờ đợi
sense,cảm giác
build,xây dựng
stay,ở lại
fall,rơi
oh,Oh
nation,dân tộc
plan,kế hoạch
cut,cắt tỉa
college,trường cao đẳng
interest,quan tâm
death,cái chết
course,món ăn
someone,người nào
behind,phía sau
reach,chạm tới
local,địa phương
kill,giết chết
six,sáu
remain,duy trì
effect,hiệu ứng
yeah,vâng
suggest,đề xuất
class,lớp
control,kiểm soát
raise,Quyên góp
care,quan tâm
perhaps,có lẽ
late,muộn
hard,cứng
field,cánh đồng
else,khác
pass,vượt qua
former,cũ
sell,bán
major,lớn lao
sometimes,thỉnh thoảng
require,yêu cầu
along,dọc theo
development,phát triển
themselves,chúng tôi
report,bài báo cáo
role,vai trò
better,tốt hơn
economic,thuộc kinh tế
effort,cố gắng
decide,quyết định
rate,tỷ lệ
strong,mạnh
possible,khả thi
heart,quả tim
drug,thuốc
leader,lãnh đạo
light,nhẹ
voice,giọng nói
wife,vợ
whole,trọn
police,cảnh sát
mind,tâm trí
finally,cuối cùng
pull,kéo
return,trở lại
free,miễn phí
military,quân sự
price,giá bán
less,ít hơn
according,theo
decision,phán quyết
explain,giải thích
son,Con trai
hope,mong
develop,phát triển
view,lượt xem
relationship,mối quan hệ
carry,mang
town,thành phố
road,đường bộ
drive,lái xe
arm,cánh tay
TRUE,THẬT
federal,liên bang
break,nghỉ
difference,Sự khác biệt
thank,cám ơn
receive,nhận
value,giá trị
international,quốc tế
building,Tòa nhà
action,hoạt động
full,đầy
model,kiểu mẫu
join,tham gia
season,Mùa
society,xã hội
tax,Thuế
director,giám đốc
position,Chức vụ
player,người chơi
agree,đồng ý không
especially,đặc biệt là
record,ghi
pick,nhặt
wear,mặc vào
paper,giấy
special,đặc biệt
space,khoảng trống
ground,đất
form,mẫu đơn
support,hỗ trợ
event,Sự kiện
official,viên chức
whose,của ai
matter,vấn đề
everyone,mọi người
center,trung tâm
couple,cặp đôi
site,Địa điểm
project,dự định
hit,đánh
base,căn cứ
activity,hoạt động
star,ngôi sao
table,cái bàn
court,tòa án
produce,sản xuất
eat,ăn
teach,dạy
oil,dầu
half,một nửa
situation,tình huống
easy,dễ dàng
cost,Giá cả
industry,ngành công nghiệp
figure,nhân vật
street,đường phố
image,hình ảnh
itself,chính nó
phone,điện thoại
either,một trong hai
data,dữ liệu
cover,che
quite,hoàn toàn
picture,bức ảnh
clear,xa lạ
practice,luyện tập
piece,mảnh
land,đất
recent,gần đây
describe,mô tả
product,sản phẩm
doctor,Bác sĩ
wall,Tường
patient,bệnh nhân
worker,người làm việc
news,Tin tức
test,kiểm tra
movie,bộ phim
certain,chắc chắn
north,Bắc
personal,cá nhân
simply,đơn giản
third,ngày thứ ba
technology,Công nghệ
catch,nắm lấy
step,bước chân
baby,đứa bé
computer,máy tính
type,loại
attention,chú ý
draw,vẽ tranh
film,phim ảnh
Republican,Đảng Cộng hòa
tree,cây
source,nguồn
red,màu đỏ
nearly,Gần
organization,tổ chức
choose,chọn
cause,nguyên nhân
hair,tóc
century,thế kỷ
evidence,bằng chứng
window,cửa sổ
difficult,khó khăn
listen,nghe
soon,Sớm
billion,tỷ
chance,cơ hội
brother,Anh trai
energy,năng lượng
period,khoảng thời gian
summer,mùa hè
realize,nhận ra
hundred,Hàng trăm
available,có sẵn
plant,cây
likely,rất có thể
opportunity,cơ hội
term,kỳ hạn
short,ngắn ngủi
letter,thư
condition,"điều kiện, tình trạng, trạng thái"
choice,sự lựa chọn
single,Độc thân
rule,quy tắc
daughter,Con gái
administration,sự quản lý
south,miền Nam
husband,chồng
Congress,Hội nghị
floor,tầng lầu
campaign,chiến dịch
material,nguyên liệu
population,dân số
economy,nền kinh tế
medical,Y khoa
hospital,bệnh viện
church,Nhà thờ
close,đóng lại
thousand,ngàn
risk,đặt vào may rủi
current,hiện hành
fire,lửa
future,Tương lai
wrong,Sai lầm
involve,liên quan đến
defense,phòng thủ
anyone,bất kỳ ai
increase,tăng
security,Bảo vệ
bank,ngân hàng
myself,riêng tôi
certainly,chắc chắn
west,hướng Tây
sport,thể thao
board,Cái bảng
seek,tìm kiếm
per,mỗi
subject,vấn đề
officer,nhân viên văn phòng
private,riêng
rest,còn lại
behavior,cư xử
deal,đối phó
performance,hiệu suất
throw,phi
top,hàng đầu
quickly,một cách nhanh chóng
past,quá khứ
goal,ghi bàn
bed,Giường
order,trật tự
author,tác giả
fill,lấp đầy
represent,đại diện
focus,tiêu điểm
foreign,ngoại quốc
drop,rơi vãi
blood,máu
upon,trên
agency,đại lý
push,đẩy
nature,tự nhiên
color,màu
recently,mới đây
store,cửa hàng
reduce,giảm
sound,âm thanh
note,Ghi chú
fine,khỏe
near,gần
movement,sự chuyển động
page,trang
enter,đi vào
share,chia sẻ
common,phổ thông
poor,nghèo
natural,tự nhiên
race,cuộc đua
concern,liên quan
series,loạt
significant,có ý nghĩa
similar,tương tự
hot,nóng bức
language,ngôn ngữ
usually,thông thường
response,phản ứng
dead,đã chết
rise,tăng lên
animal,động vật
factor,hệ số
decade,thập kỷ
article,mạo từ
shoot,bắn
east,phía đông
save,tiết kiệm
seven,Bảy
artist,nghệ sĩ
scene,bối cảnh
stock,Cổ phần
career,nghề nghiệp
despite,cho dù
central,trung tâm
eight,tám
thus,do đó
treatment,sự đối đãi
beyond,vượt ra ngoài
happy,sung sướng
exactly,chính xác
protect,bảo vệ
approach,tiếp cận
lie,nằm
size,kích thước
dog,chú chó
fund,quỹ
serious,nghiêm trọng
occur,xảy ra
media,phương tiện truyền thông
ready,Sẵn sàng
sign,dấu hiệu
thought,tư tưởng
list,danh sách
individual,"riêng biệt, cá nhân, cá thể"
simple,giản dị
quality,phẩm chất
pressure,sức ép
accept,Chấp nhận
answer,câu trả lời
resource,nguồn
identify,nhận dạng
left,trái
meeting,gặp gỡ
determine,quyết tâm
prepare,chuẩn bị
disease,dịch bệnh
whatever,sao cũng được
success,thành công
argue,tranh cãi
cup,tách
particularly,cụ thể
amount,số lượng
ability,khả năng
staff,Nhân Viên
recognize,nhận ra
indicate,biểu thị
character,nhân vật
growth,sự phát triển
loss,thua
degree,bằng cấp
wonder,ngạc nhiên
attack,tấn công
herself,chính cô ấy
region,khu vực
television,vô tuyến
box,hộp
TV,TV
training,đào tạo
pretty,khá
trade,buôn bán
election,cuộc bầu cử
everybody,mọi người
physical,thuộc vật chất
lay,đặt nằm
general,tổng quan
feeling,cảm giác
standard,Tiêu chuẩn
bill,hóa đơn
message,thông điệp
fail,Thất bại
outside,ở ngoài
arrive,đến
analysis,phân tích
benefit,ích lợi
sex,Tình dục
forward,phía trước
lawyer,luật sư
present,hiện nay
section,tiết diện
environmental,thuộc về môi trường
glass,thủy tinh
skill,kỹ năng
sister,em gái
PM,BUỔI CHIỀU
professor,Giáo sư
operation,hoạt động
financial,tài chính
crime,tội phạm
stage,sân khấu
ok,Vâng
compare,so sánh
authority,cơ quan
miss,cô
design,thiết kế
sort,loại
act,hành động
ten,mười
knowledge,hiểu biết
gun,Súng
station,ga tàu
blue,màu xanh da trời
strategy,chiến lược
clearly,thông suốt
discuss,bàn luận
indeed,thực vậy
truth,sự thật
song,bài hát
example,ví dụ
democratic,Dân chủ
check,kiểm tra
environment,môi trường
leg,Chân
dark,tối
various,nhiều
rather,hơn là
laugh,cười
guess,đoán
executive,"chấp hành, quản lý"
prove,chứng minh
hang,treo
entire,toàn bộ
rock,đá
forget,quên đi
claim,yêu cầu
remove,gỡ bỏ
manager,người quản lý
enjoy,vui thích
network,mạng
legal,hợp pháp
religious,Tôn giáo
cold,lạnh
final,cuối cùng
main,chủ yếu
science,khoa học
green,màu xanh lá
memory,kỉ niệm
card,Thẻ
above,ở trên
seat,chỗ ngồi
cell,tế bào
establish,thiết lập
nice,đẹp
trial,sự thử nghiệm
expert,thành thạo
spring,mùa xuân
firm,chắc chắn
Democrat,Dân chủ
radio,Đài
visit,chuyến thăm
management,sự quản lý
avoid,ngăn ngừa
imagine,tưởng tượng
tonight,đêm nay
huge,to lớn
ball,trái bóng
finish,Kết thúc
yourself,bản thân bạn
theory,học thuyết
impact,va chạm
respond,đáp ứng
statement,bản tường trình
maintain,duy trì
charge,sạc điện
popular,phổ biến
traditional,truyền thống
onto,trên
reveal,bộc lộ
direction,phương hướng
weapon,vũ khí
employee,người lao động
cultural,thuộc văn hóa
contain,Lưu trữ
peace,hòa bình
pain,nỗi đau
apply,áp dụng
measure,đo lường
wide,rộng
shake,lắc
fly,bay
interview,phỏng vấn
manage,quản lý
chair,cái ghế
fish,cá
particular,cụ thể
camera,Máy ảnh
structure,cấu trúc
politics,chính trị
perform,trình diễn
bit,chút
weight,trọng lượng
suddenly,đột nhiên
discover,phát hiện
candidate,ứng viên
production,sản lượng
treat,đãi
trip,chuyến đi chơi
evening,chiều
affect,có ảnh hưởng đến
inside,phía trong
conference,hội nghị
unit,đơn vị
style,Phong cách
adult,người lớn
worry,lo
range,phạm vi
mention,đề cập đến
deep,sâu
edge,bờ rìa
specific,cụ thể
writer,nhà văn
trouble,rắc rối
necessary,cần thiết
throughout,xuyên suốt
challenge,thách đấu
fear,nỗi sợ
shoulder,vai
institution,Tổ chức
middle,tên đệm
sea,biển
dream,mơ
bar,quán ba
beautiful,đẹp
property,tài sản
instead,thay thế
improve,cải tiến
stuff,vật dụng nhỏ
detail,chi tiết
method,phương pháp
somebody,có ai
magazine,tạp chí
hotel,khách sạn
soldier,lính
reflect,phản chiếu
heavy,nặng
sexual,tình dục
bag,cặp
heat,nhiệt
marriage,kết hôn
tough,khó
sing,điều đó
surface,mặt
purpose,mục đích
exist,hiện hữu
pattern,mẫu
whom,ai
skin,làn da
agent,đại lý
owner,chủ nhân
machine,máy móc
gas,khí ga
ahead,phía trước
generation,thế hệ
commercial,Quảng cáo
address,Địa chỉ
cancer,bệnh ung thư
item,mục
reality,thực tế
coach,huấn luyện viên
Mrs,Bà
yard,cái sân
beat,đánh đập
violence,bạo lực
total,toàn bộ
tend,có xu hướng
investment,sự đầu tư
discussion,thảo luận
finger,ngón tay
garden,sân vườn
notice,lưu ý
collection,thu thập
modern,hiện đại
task,nhiệm vụ
partner,bạn đồng hành
positive,tích cực
civil,dân sự
kitchen,phòng bếp
consumer,khách hàng
shot,bắn
budget,ngân sách
wish,muốn
painting,bức vẽ
scientist,nhà khoa học
safe,an toàn
agreement,hiệp định
capital,vốn
mouth,miệng
nor,cũng không
victim,nạn nhân
newspaper,báo chí
threat,nguy cơ
responsibility,trách nhiệm
smile,mỉm cười
attorney,Luật sư
score,ghi bàn
account,tài khoản
interesting,hấp dẫn
audience,khán giả
rich,giàu có
dinner,bữa ăn tối
vote,bầu cử
western,miền Tây
relate,kể lại
travel,du lịch
debate,tranh luận
prevent,ngăn ngừa
citizen,công dân
majority,số đông
none,không ai
front,đổi diện
born,sinh ra
admit,thừa nhận
senior,cao cấp
assume,cho rằng
wind,gió
key,Chìa khóa
professional,cao thủ
mission,Sứ mệnh
fast,Nhanh
alone,một mình
customer,khách hàng
suffer,đau khổ
speech,phát biểu
successful,thành công
option,Tùy chọn
participant,người tham gia
southern,phía Nam
fresh,mới
eventually,sau cùng
forest,rừng
video,băng hình
global,toàn cầu
Senate,Thượng nghị viện
reform,cải cách
access,quyền
restaurant,quán ăn
judge,thẩm phán
publish,công bố
relation,quan hệ
release,giải phóng
bird,chim
opinion,ý kiến
credit,tín dụng
critical,bạo kích
corner,góc
concerned,lo lắng
recall,Gợi lại
version,phiên bản
stare,nhìn chằm chằm
safety,sự an toàn
effective,có hiệu lực
neighborhood,khu vực lân cận
original,nguyên
troop,Đội quân
income,thu nhập
directly,trực tiếp
hurt,đau
species,loài
immediately,ngay lập tức
track,theo dõi
basic,căn bản
strike,đình công
sky,bầu trời
freedom,tự do
absolutely,chắc chắn rồi
plane,chiếc máy bay
nobody,không ai
achieve,Hoàn thành
object,vật
attitude,Thái độ
labor,nhân công
refer,tham khảo
concept,Ý tưởng
client,khách hàng
powerful,mạnh mẽ
perfect,hoàn hảo
nine,chín
therefore,vì thế
conduct,hạnh kiểm
announce,thông báo
conversation,cuộc nói chuyện
examine,nghiên cứu
touch,chạm
please,vui lòng
attend,tham gia
completely,hoàn toàn
variety,đa dạng
sleep,ngủ
involved,bị liên lụy
investigation,cuộc điều tra
nuclear,Nguyên tử
researcher,nhà nghiên cứu
press,nhấn
conflict,cuộc xung đột
spirit,tinh thần
replace,thay thế
British,người Anh
encourage,khuyến khích
argument,tranh luận
camp,trại
brain,não
afternoon,buổi chiều
AM,sáng
weekend,ngày cuối tuần
dozen,tá
possibility,khả năng
insurance,bảo hiểm
department,Phòng ban
battle,trận đánh
beginning,bắt đầu
date,ngày tháng
generally,nói chung là
African,Người châu Phi
sorry,lấy làm tiếc
crisis,cuộc khủng hoảng
complete,hoàn chỉnh
fan,quạt
stick,gậy
define,định nghĩa
easily,một cách dễ dàng
hole,hố
element,thành phần
vision,tầm nhìn
status,trạng thái
normal,thông thường
Chinese,người Trung Quốc
ship,tàu
solution,giải pháp
stone,cục đá
slowly,chậm rãi
scale,tỉ lệ
university,trường đại học
introduce,giới thiệu
driver,người lái xe
attempt,nỗ lực
park,công viên
spot,điểm
lack,thiếu sót
ice,Nước đá
boat,thuyền
drink,uống
sun,mặt trời
distance,khoảng cách
wood,gỗ
handle,xử lý
truck,xe tải
mountain,núi
survey,sự khảo sát
supposed,giả sử
tradition,truyền thống
winter,mùa đông
village,làng bản
Soviet,Liên Xô
refuse,từ chối
sales,bán hàng
roll,cuộn
communication,liên lạc
screen,màn hình
gain,nhận được
resident,cư dân
hide,ẩn giấu
gold,vàng
club,câu lạc bộ
farm,nông trại
potential,tiềm năng
European,Châu Âu
presence,sự có mặt
independent,sống độc lập
district,quận
shape,hình dạng
reader,người đọc
Ms,Bệnh đa xơ cứng
contract,hợp đồng
crowd,đám đông
Christian,Kitô giáo
express,bày tỏ
apartment,"căn hộ, chung cư"
willing,sẵn sàng
strength,sức lực
previous,Trước
band,ban nhạc
obviously,chắc chắn
horse,con ngựa
interested,quan tâm đến
target,Mục tiêu
prison,nhà tù
ride,lái
guard,bảo vệ
terms,điều kiện
demand,nhu cầu
reporter,phóng viên
deliver,giao
text,chữ
tool,dụng cụ
wild,hoang dã
vehicle,phương tiện giao thông
observe,quan sát
flight,chuyến bay
facility,cơ sở
understanding,sự hiểu biết
average,trung bình
emerge,hiện ra
advantage,thuận lợi
quick,nhanh
leadership,Khả năng lãnh đạo
earn,kiếm
pound,pao
basis,nền tảng
bright,sáng
operate,chạy
guest,khách
sample,vật mẫu
contribute,Góp phần
tiny,Nhỏ xíu
block,chặn
protection,sự bảo vệ
settle,ổn định
feed,cho ăn
collect,sưu tầm
additional,thêm vào
highly,Rất nhiều
identity,xác thực
title,Tiêu đề
mostly,hầu hết
lesson,bài học
faith,sự tin tưởng
river,con sông
promote,Quảng bá
living,cuộc sống
count,đếm
unless,trừ khi
marry,kết hôn
tomorrow,ngày mai
technique,kĩ thuật
path,con đường
ear,tai
shop,cửa tiệm
folk,dân gian
principle,nguyên tắc
survive,tồn tại
lift,thang máy
border,ranh giới
competition,cạnh tranh
jump,nhảy
gather,tập trung
limit,giới hạn
fit,Phù hợp
cry,khóc
equipment,Trang thiết bị
worth,đáng giá
associate,kết hợp
critic,nhà phê bình
warm,ấm
aspect,diện mạo
insist,khăng khăng
failure,thất bại
annual,hàng năm
French,người Pháp
Christmas,Giáng sinh
comment,bình luận
responsible,có tinh thần trách nhiệm
affair,công việc
procedure,thủ tục
regular,thường xuyên
spread,Lan tràn
chairman,Chủ tịch
baseball,bóng chày
soft,mềm
ignore,phớt lờ
egg,trứng
belief,sự tin tưởng
demonstrate,chứng tỏ
anybody,bất cứ ai
murder,giết người
gift,quà
religion,tôn giáo
review,ôn tập
editor,Biên tập viên
engage,thuê
coffee,cà phê
document,tài liệu
speed,"tốc độ, vận tốc"
cross,Thánh giá
influence,ảnh hưởng
anyway,dù sao
threaten,hăm dọa
commit,làm
female,nữ giới
youth,thiếu niên
wave,làn sóng
afraid,sợ
quarter,một phần tư
background,lai lịch
native,tự nhiên
broad,rộng lớn
wonderful,Tuyệt vời
deny,phủ nhận
apparently,rõ ràng
slightly,khinh bỉ
reaction,sự phản ứng lại
twice,hai lần
suit,bộ đồ
perspective,Góc nhìn cá nhân
growing,phát triển
blow,thổi
construction,xây dựng
intelligence,Sự thông minh
destroy,hủy hoại
cook,đầu bếp
connection,sự liên quan
burn,đốt cháy
shoe,giày
grade,cấp
context,bối cảnh
committee,ủy ban
hey,này
mistake,sai lầm
location,địa điểm
clothes,quần áo
Indian,người Ấn Độ
quiet,Yên tĩnh
dress,trang phục
promise,lời hứa
aware,nhận thức
neighbor,láng giềng
function,chức năng
bone,xương
active,tích cực
extend,gia hạn
chief,Trưởng phòng
combine,phối hợp
wine,rượu
below,phía dưới
cool,mát mẻ
voter,cử tri
learning,học hỏi
bus,xe buýt
hell,Địa ngục
dangerous,nguy hiểm
remind,nhắc nhở
moral,có đạo đức
United,Thống nhất
category,thể loại
relatively,tương đối
victory,chiến thắng
academic,thuộc về lý thuyết
Internet,Internet
healthy,mạnh khỏe
negative,từ chối
following,tiếp theo
historical,lịch sử
medicine,thuốc
tour,chuyến du lịch
depend,tùy theo
photo,tấm hình
finding,Phát hiện
grab,vồ lấy
direct,thẳng thắn
classroom,lớp học
contact,liên hệ
justice,Sự công bằng
participate,tham gia
daily,hằng ngày
fair,công bằng
pair,đôi
famous,nổi danh
exercise,tập thể dục
knee,đầu gối
flower,hoa
tape,Băng
hire,Thuê
familiar,thân thuộc
appropriate,thích hợp
supply,cung cấp
fully,đầy đủ
actor,diễn viên nam
birth,Sinh
search,Tìm kiếm
tie,buộc
democracy,nền dân chủ
eastern,phương Đông
primary,sơ cấp
yesterday,hôm qua
circle,khoanh tròn
device,thiết bị
progress,phát triển
bottom,đáy
island,Đảo
exchange,đổi
clean,dọn dẹp
studio,phòng thu
train,tàu hỏa
lady,quý bà
colleague,đồng nghiệp
application,đăng kí
neck,cổ
lean,dựa vào
damage,chấn thương
plastic,nhựa
tall,cao
plate,đĩa ăn
hate,ghét bỏ
otherwise,nếu không thì
writing,viết
male,Nam giới
alive,sống sót
expression,sự biểu lộ
football,bóng đá
intend,có ý định
chicken,thịt gà
army,quân đội
abuse,lạm dụng
theater,nhà hát
shut,im lặng
map,bản đồ
extra,thêm
session,phiên họp
danger,sự nguy hiểm
welcome,hoan nghênh
domestic,nội địa
lots,rất nhiều
literature,văn
rain,cơn mưa
desire,sự mong muốn
assessment,"thẩm định, lượng định, đánh giá"
injury,chấn thương
respect,sự tôn trọng
northern,Phương bắc
paint,Sơn
fuel,nhiên liệu
leaf,Lá cây
dry,khô
Russian,tiếng Nga
instruction,hướng dẫn
pool,hồ bơi
climb,trèo
sweet,ngọt
engine,động cơ
fourth,thứ tư
salt,Muối
expand,mở rộng
importance,tầm quan trọng
metal,kim loại
fat,mập mạp
ticket,vé
software,phần mềm
disappear,biến mất
corporate,công ty
strange,lạ lùng
lip,môi
reading,đọc hiểu
urban,đô thị
mental,tâm thần
increasingly,ngày càng
lunch,Bữa trưa
educational,giáo dục
somewhere,một vài nơi
farmer,nông dân
sugar,đường
planet,hành tinh
favorite,yêu thích
explore,khám phá
obtain,đạt được
enemy,kẻ thù
greatest,vĩ đại nhất
complex,phức tạp
surround,vây quanh
athlete,lực sĩ
invite,mời gọi
repeat,nói lại
carefully,cẩn thận
soul,tâm hồn
scientific,thuộc về khoa học
impossible,Không thể nào
panel,Bảng điều khiển
meaning,Ý nghĩa
mom,mẹ
married,đã cưới
instrument,dụng cụ
predict,dự đoán
weather,thời tiết
presidential,Tổng thống
emotional,xúc động
commitment,sự cam kết
Supreme,Tối cao
bear,gấu
pocket,túi
thin,gầy
temperature,nhiệt độ
surprise,bất ngờ
poll,Thăm dò ý kiến
proposal,đề xuất
consequence,hậu quả
breath,hơi thở
sight,thị giác
balance,THĂNG BẰNG
adopt,nhận nuôi
minority,thiểu số
straight,thẳng
connect,liên kết
works,làm
teaching,giảng bài
belong,thuộc về
aid,sự giúp đỡ
advice,lời khuyên
okay,Được chứ
photograph,ảnh chụp
empty,trống rỗng
regional,khu vực
trail,Đường mòn
novel,cuốn tiểu thuyết
code,mã số
somehow,bằng cách nào đó
organize,sắp xếp
jury,bồi thẩm đoàn
breast,nhũ hoa
Iraqi,người Iraq
acknowledge,thừa nhận
theme,Chủ đề
storm,bão táp
union,liên hiệp
desk,bàn
thanks,cảm ơn
fruit,hoa quả
expensive,đắt
yellow,màu vàng
conclusion,phần kết luận
prime,nguyên tố
shadow,bóng tối
struggle,đấu tranh
conclude,kết luận
analyst,nhà phân tích
dance,nhảy
regulation,Quy định
being,hiện tại
ring,nhẫn
largely,phần lớn
shift,sự thay đổi
revenue,doanh thu
mark,dấu
locate,định vị
county,Quận
appearance,xuất hiện
package,bưu kiện
difficulty,sự khó khăn
bridge,cầu
recommend,giới thiệu
obvious,rõ ràng
basically,về cơ bản
e-mail,e-mail
generate,phát ra
anymore,nữa không
propose,cầu hôn
thinking,Suy nghĩ
possibly,có khả năng
trend,xu hướng
visitor,khách thăm quan
loan,tiền vay
currently,hiện nay
comfortable,Thoải mái
investor,nhà đầu tư
profit,lợi nhuận
angry,tức giận
crew,phi hành đoàn
accident,Tai nạn
meal,bữa ăn
hearing,thính giác
traffic,giao thông đường bộ
muscle,bắp thịt
notion,khái niệm
capture,chiếm lấy
prefer,thích hơn
truly,Quả thật
earth,Trái đất
Japanese,tiếng Nhật
chest,ngực
thick,dày
cash,tiền mặt
museum,viện bảo tàng
beauty,"sắc đẹp, vẻ đẹp"
emergency,trường hợp khẩn cấp
unique,duy nhất
internal,nội bộ
ethnic,dân tộc
link,liên kết
stress,thư giãn
content,Nội dung
select,lựa chọn
root,nguồn gốc
nose,mũi
declare,tuyên bố
appreciate,đánh giá cao
actual,thật sự
bottle,chai
hardly,khó khăn
setting,cài đặt
launch,phóng
file,tập tin
sick,đau ốm
outcome,Kết quả
ad,quảng cáo
defend,phòng vệ
duty,nghĩa vụ
sheet,tấm
ought,nên
ensure,chắc chắn
Catholic,Công giáo
extremely,cực kì
extent,phạm vi
component,thành phần
mix,pha trộn
long-term,dài hạn
slow,chậm
contrast,tương phản
wake,thức dậy
airport,sân bay
brown,nâu
shirt,áo sơ mi
pilot,Phi công
warn,cảnh báo
ultimately,cuối cùng
cat,con mèo
contribution,sự đóng góp
capacity,dung tích
ourselves,chính chúng ta
estate,tài sản
guide,hướng dẫn
circumstance,hoàn cảnh
snow,tuyết
English,Tiếng Anh
politician,Chính trị gia
steal,ăn cắp
pursue,theo đuổi
slip,trượt
percentage,Tỷ lệ phần trăm
meat,thịt
funny,hài hước
neither,không
soil,đất
surgery,ca phẫu thuật
correct,Chính xác
Jewish,Do Thái
blame,lỗi
estimate,ước lượng
due,quá hạn
basketball,bóng rổ
golf,golf
investigate,khảo sát
crazy,khùng
significantly,đáng kể
chain,chuỗi
branch,chi nhánh
combination,sự phối hợp
frequently,thường xuyên
relief,sự cứu tế
user,người dùng
dad,cha
kick,đá
manner,thái độ
ancient,cổ đại
silence,Im lặng
rating,Xếp hạng
golden,Vàng
motion,cử động
German,tiếng Đức
gender,giới tính
solve,giải quyết
fee,học phí
landscape,cảnh quan
used,được sử dụng
bowl,bát
equal,công bằng
forth,Forth
frame,khung
typical,đặc trưng
except,ngoại trừ
conservative,thận trọng
eliminate,loại bỏ
host,chủ nhà
hall,đại sảnh
trust,Lòng tin
ocean,đại dương
row,hàng ngang
producer,nhà sản xuất
afford,đủ khả năng
meanwhile,trong khi đó
regime,chế độ
division,phân công
confirm,xác nhận
fix,sửa chữa
appeal,bắt mắt
mirror,gương
tooth,răng
smart,thông minh
length,chiều dài
entirely,toàn bộ
rely,phụ thuộc
topic,đề tài
complain,than phiền
variable,Biến đổi
telephone,Điện thoại
perception,sự nhận thức
attract,thu hút
confidence,lòng tin
bedroom,Phòng ngủ
secret,bí mật
debt,nợ nần
rare,hiếm
tank,xe tăng
nurse,cô y tá
coverage,phủ sóng
opposition,Sự đối lập
aside,qua một bên
anywhere,bất cứ nơi nào
bond,liên kết
pleasure,Hân hạnh
master,sư phụ
era,kỷ nguyên
requirement,yêu cầu
fun,niềm vui
expectation,sự mong đợi
wing,cánh
separate,tách rời
somewhat,một phần
pour,đến
stir,Khuấy
judgment,Phán quyết
beer,bia
reference,thẩm quyền giải quyết
tear,xé
doubt,nghi ngờ
grant,khoản trợ cấp
seriously,nghiêm trọng
minister,"bộ trưởng, mục sư"
totally,Tổng cộng
hero,anh hùng
industrial,công nghiệp
cloud,mây
stretch,căng ra
winner,người chiến thắng
volume,âm lượng
seed,hạt giống
surprised,ngạc nhiên
fashion,thời trang
pepper,tiêu
busy,bận
intervention,sự can thiệp
copy,sao chép
tip,tiền boa
cheap,rẻ
aim,mục đích
cite,Trích dẫn
welfare,phúc lợi
vegetable,rau
gray,xám
dish,món ăn
beach,bờ biển
improvement,sự cải tiến
everywhere,mọi nơi
opening,khai mạc
overall,tổng thể
divide,chia
initial,ban đầu
terrible,kinh khủng
oppose,phản đối
contemporary,đồng thời
route,tuyến đường
multiple,nhiều
essential,Thiết yếu
league,liên đoàn
criminal,tội phạm
careful,cẩn thận
core,cốt lõi
upper,phía trên
rush,cây bấc
necessarily,nhất thiết
specifically,đặc biệt
tired,mệt mỏi
employ,thuê
holiday,ngày lễ
vast,rộng lớn
resolution,nghị quyết
household,hộ gia đình
fewer,ít hơn
abortion,sự phá thai
apart,riêng biệt
witness,chứng kiến
match,trận đấu
barely,vừa đủ
sector,khu vực
representative,Tiêu biểu
beneath,ở bên dưới
beside,bên cạnh
incident,sự cố
limited,giới hạn
proud,hãnh diện
flow,lưu lượng
faculty,giảng viên
increased,tăng
waste,chất thải
merely,chỉ đơn thuần
mass,khối
emphasize,nhấn mạnh
experiment,thí nghiệm
definitely,chắc chắn
bomb,bom
enormous,lớn lao
tone,tấn
liberal,tự do
massive,to lớn
engineer,kĩ sư
wheel,bánh xe
decline,từ chối
invest,đầu tư
cable,cáp
towards,đối với
expose,lộ ra
rural,nông thôn
AIDS,AIDS
Jew,Hoặc
narrow,hẹp
cream,kem
secretary,Thư ký
gate,cánh cổng
solid,chất rắn
hill,đồi núi
typically,tiêu biểu
noise,tiếng ồn
grass,cỏ
unfortunately,Không may
hat,Có
legislation,pháp luật
succeed,thành công
celebrate,ăn mừng
achievement,thành tựu
fishing,đánh bắt cá
accuse,buộc tội
useful,có ích
reject,Từ chối
talent,năng lực
taste,nếm thử
characteristic,đặc tính
milk,Sữa
escape,thoát khỏi
cast,dàn diễn viên
sentence,kết án
unusual,không bình thường
closely,chặt chẽ
convince,thuyết phục
height,Chiều cao
physician,bác sĩ
assess,đánh giá
plenty,nhiều
virtually,hầu như
addition,phép cộng
sharp,sắc
creative,sáng tạo
lower,thấp hơn
approve,chấp thuận
explanation,giải trình
gay,Gay
campus,khuôn viên
proper,thích hợp
guilty,có tội
acquire,"có được, thu được"
compete,tranh đua
technical,kỹ thuật
plus,thêm
immigrant,di trú
weak,Yếu
illegal,không hợp lệ
hi,Chào
alternative,thay thế
interaction,sự tương tác
column,cột
personality,tính cách
signal,dấu hiệu
curriculum,chương trình giáo dục
honor,tôn vinh
passenger,hành khách
assistance,hỗ trợ
forever,mãi mãi
regard,về
Israeli,Israel
association,sự kết hợp
twenty,hai mươi
knock,cú đánh
wrap,bọc
lab,Phòng thí nghiệm
display,trưng bày
criticism,sự chỉ trích
asset,tài sản
depression,Phiền muộn
spiritual,Tâm linh
musical,âm nhạc
journalist,nhà báo
prayer,người cầu nguyện
suspect,nghi ngờ
scholar,Học giả
warning,cảnh báo
climate,khí hậu
cheese,phô mai
observation,quan sát
childhood,tuổi thơ
payment,sự chi trả
sir,quý ngài
permit,cho phép làm gì
cigarette,thuốc lá
definition,Định nghĩa
priority,sự ưu tiên
bread,bánh mỳ
creation,sự sáng tạo
graduate,tốt nghiệp
request,yêu cầu
emotion,cảm xúc
scream,la hét
dramatic,kịch
universe,Vũ trụ
gap,lỗ hổng
excellent,Xuất sắc
deeply,sâu sắc
prosecutor,Công tố viên
lucky,may mắn
drag,lôi kéo
airline,hàng không
library,thư viện
agenda,chương trình nghị sự
recover,hồi phục
factory,nhà máy
selection,lựa chọn
primarily,chủ yếu
roof,mái nhà
unable,không thể
expense,chi phí
initiative,sáng kiến
diet,chế độ ăn
arrest,bắt giữ
funding,kinh phí
therapy,trị liệu
wash,rửa
schedule,lịch trình
sad,buồn
brief,ngắn gọn
housing,nhà ở
post,bưu kiện
purchase,"mua, tựa vào, bám vào"
existing,hiện tại
steel,Thép
regarding,về
shout,kêu la
remaining,còn lại
visual,thị giác
fairly,công bằng
chip,Chip
violent,hung bạo
silent,im lặng
suppose,giả sử
self,bản thân
bike,xe đạp
tea,trà
perceive,nhận thức
comparison,so sánh
settlement,giải quyết
layer,lớp
planning,lập kế hoạch
description,sự miêu tả
slide,cầu trượt
widely,rộng rãi
wedding,lễ cưới
inform,báo
portion,phần
territory,lãnh thổ
immediate,ngay tức khắc
opponent,phản đối
abandon,bỏ rơi
lake,hồ
transform,biến đổi
tension,căng thẳng
leading,Dẫn đầu
bother,làm phiền
consist,bao gồm
alcohol,rượu
enable,cho phép
bend,bẻ cong
saving,tiết kiệm
desert,Sa mạc
shall,nên
error,lỗi
cop,cảnh sát
Arab,Ả Rập
double,gấp đôi
sand,cát
Spanish,người Tây Ban Nha
print,in
preserve,bảo tồn
passage,đoạn văn
formal,chính thức
transition,chuyển đổi
existence,sự tồn tại
album,Album
participation,sự tham gia
arrange,sắp xếp
atmosphere,khí quyển
joint,chung
reply,Đáp lại
cycle,đi xe đạp
opposite,đối nghịch
lock,Khóa
deserve,xứng đáng
consistent,nhất quán
resistance,Sức cản
discovery,khám phá
exposure,Phơi bày
pose,tư thế
stream,dòng
sale,giảm giá
pot,nồi
grand,Grand
mine,của tôi
hello,xin chào
coalition,Liên minh
tale,Câu chuyện
knife,dao
resolve,giải quyết
racial,chủng tộc
joke,câu nói đùa
coat,áo choàng
Mexican,Mexico
symptom,triệu chứng
manufacturer,nhà chế tạo
philosophy,triết lý
potato,khoai tây
foundation,nền tảng
quote,Trích dẫn
online,Trực tuyến
negotiation,đàm phán
urge,thúc giục
occasion,dịp
dust,phủi bụi
breathe,thở
elect,trúng tuyển
investigator,Điều tra viên
jacket,Áo khoác
glad,vui vẻ
ordinary,bình thường
reduction,sự giảm bớt
rarely,ít khi
pack,đóng gói
suicide,tự tử
numerous,nhiều
substance,chất
discipline,kỷ luật
elsewhere,ở nơi khác
iron,sắt
practical,thực tế
moreover,Hơn thế nữa
passion,đam mê
volunteer,Tình nguyện viên
implement,thực hiện
essentially,Thiết yếu
gene,gen
enforcement,thực thi
vs,vs
sauce,Nước xốt
independence,Sự độc lập
marketing,tiếp thị
priest,thầy tu
amazing,kinh ngạc
intense,mãnh liệt
advance,nâng cao
employer,nhà tuyển dụng
shock,sốc
inspire,truyền cảm hứng
adjust,điều chỉnh
retire,về hưu
visible,dễ thấy
kiss,hôn
illness,bệnh
cap,mũ lưỡi trai
habit,thói quen
competitive,cạnh tranh
juice,Nước ép
congressional,quốc hội
involvement,sự tham gia
dominate,thống trị
previously,Trước đây
whenever,bất cứ khi nào
transfer,chuyển khoản
analyze,phân tích
attach,gắn
disaster,thảm họa
parking,đỗ xe
prospect,tiềm năng
boss,trùm
complaint,lời phàn nàn
championship,chức vô địch
fundamental,cơ bản
severe,dữ dội
enhance,nâng cao
mystery,huyền bí
impose,áp đặt
poverty,nghèo
entry,lối vào
spending,chi tiêu
king,nhà vua
evaluate,đánh giá
symbol,Biểu tượng
maker,nhà sản xuất
mood,khí sắc
accomplish,đạt được
emphasis,nhấn mạnh
illustrate,Minh họa
boot,Khởi động
monitor,màn hình
Asian,Châu Á
entertainment,giải trí
bean,hạt đậu
evaluation,sự đánh giá
creature,sinh vật
commander,chỉ huy
digital,điện tử
arrangement,sự sắp xếp
concentrate,tập trung
usual,bình thường
anger,Sự phẫn nộ
psychological,tâm lý
heavily,nặng nề
peak,đỉnh cao
approximately,khoảng
increasing,tăng dần
disorder,Rối loạn
missile,hỏa tiễn
equally,công bằng
vary,thay đổi
wire,dây điện
round,vòng
distribution,phân bổ
transportation,vận chuyển
holy,Thánh
twin,sinh đôi
command,chỉ huy
commission,Uỷ ban
interpretation,diễn dịch
breakfast,bữa ăn sáng
strongly,mạnh mẽ
engineering,kỹ thuật
luck,May mắn
so-called,cái gọi là
constant,hằng số
clinic,phòng khám bệnh
veteran,Họ cựu chiến binh
smell,bốc mùi
tablespoon,muỗng canh
capable,có khả năng
nervous,lo lắng
tourist,du khách
toss,quăng
crucial,quan trọng
bury,chôn
pray,cầu nguyện
tomato,quả cà chua
exception,ngoại lệ
butter,bơ
deficit,thiếu hụt hoặc khuyết
bathroom,phòng tắm
objective,khách quan
electronic,điện tử
ally,đồng minh
journey,chuyến đi
reputation,danh tiếng
mixture,Hỗn hợp
surely,chắc chắn
tower,tòa tháp
smoke,Khói
confront,Đối mặt
pure,nguyên chất
glance,Nhìn thoáng qua
dimension,kích thước
toy,Đồ chơi
prisoner,Tù nhân
fellow,đồng nghiệp
smooth,mịn màng
nearby,gần đó
peer,ngang nhau
designer,nhà thiết kế
personnel,nhân viên
educator,nhà giáo dục
relative,liên quan đến
immigration,nhập cư
belt,dây nịt
teaspoon,muỗng cà phê
birthday,ngày sinh nhật
implication,hàm ý
perfectly,hoàn hảo
coast,bờ biển
supporter,người ủng hộ
accompany,đồng hành
silver,bạc
teenager,thiếu niên
recognition,sự công nhận
retirement,sự nghỉ hưu
flag,lá cờ
recovery,hồi phục
whisper,thì thầm
gentleman,quý ông
corn,Ngô
moon,mặt trăng
inner,bên trong
junior,trẻ em
throat,họng
salary,lương
swing,lung lay
observer,Người quan sát
publication,sự xuất bản
crop,gặm cỏ
dig,bạn
permanent,dài hạn
phenomenon,hiện tượng
anxiety,sự lo lắng
unlike,không giống
wet,bị ướt
literally,theo đúng nghĩa đen
resist,kháng cự
convention,quy ước
embrace,ôm
assist,hỗ trợ
exhibition,buổi triển lãm
construct,xây dựng
viewer,người xem
pan,chảo
consultant,tư vấn
administrator,người quản lý
occasionally,thỉnh thoảng
mayor,Thị trưởng
consideration,Sự xem xét
CEO,CEO
secure,chắc chắn
pink,Hồng
buck,Cái xô
historic,mang tính lịch sử
poem,Bài thơ
grandmother,bà ngoại
bind,trói buộc
fifth,thứ năm
constantly,liên tục
enterprise,doanh nghiệp
favor,ủng hộ
testing,kiểm tra
stomach,Dạ dày
apparent,rõ ràng
weigh,cân
install,Tải về
sensitive,nhạy cảm
suggestion,gợi ý
mail,email
recipe,công thức
reasonable,hợp lý
preparation,sự chuẩn bị
wooden,Gỗ
elementary,Tiểu học
concert,buổi hòa nhạc
aggressive,xâm lược
FALSE,SAI
intention,chủ đích
channel,kênh
extreme,vô cùng
tube,ống
drawing,vẽ
protein,chất đạm
quit,từ bỏ
absence,vắng mặt
Latin,Latin
rapidly,liên tục
jail,nhà tù
honest,thật thà
Palestinian,Người Palestine
pace,tốc độ
employment,thuê người làm
speaker,loa
impression,ấn tượng
essay,bài luận
respondent,người trả lời
giant,khổng lồ
cake,bánh ngọt
historian,Nhà sử học
negotiate,đàm phán
restore,khôi phục
substantial,đáng kể
pop,nhạc pop
specialist,chuyên gia
origin,nguồn gốc
approval,sự chấp thuận
quietly,lặng lẽ
advise,khuyên nhủ
conventional,thông thường
depth,chiều sâu
wealth,sự giàu có
disability,khuyết tật
shell,vỏ bọc
criticize,chỉ trích
effectively,có hiệu quả
biological,Sinh học
onion,hành tây
deputy,Phó
flat,bằng phẳng
brand,thương hiệu
assure,cam đoan
mad,điên rồ
award,phần thưởng
criteria,tiêu chuẩn
dealer,người buôn bán
via,qua
utility,tính thiết thực
precisely,đúng
arise,nảy sinh
armed,vũ trang
nevertheless,Tuy nhiên
highway,Xa lộ
clinical,lâm sàng
routine,lịch trình
wage,tiền công
normally,thông thường
phrase,cụm từ
ingredient,nguyên liệu
stake,cổ phần
Muslim,Hồi
fiber,chất xơ
activist,nhà hoạt động
Islamic,Hồi giáo
snap,Snap
terrorism,khủng bố
refugee,Người tị nạn
incorporate,kết hợp
hip,hông
ultimate,tối thượng
switch,công tắc điện
corporation,tập đoàn
valuable,quý giá
assumption,giả thiết
gear,Hộp số
barrier,rào chắn
minor,diễn viên phụ
provision,sự cung cấp
killer,sát thủ
assign,giao phó
gang,băng nhóm
developing,phát triển
classic,kinh điển
chemical,hóa học
label,nhãn mác
teen,thiếu niên
index,mục lục
vacation,kì nghỉ
advocate,biện hộ
draft,dự thảo
extraordinary,đặc biệt
heaven,thiên đường
rough,gồ ghề
yell,hét lên
pregnant,có thai
distant,xa xôi
drama,kịch
satellite,vệ tinh
personally,Cá nhân
clock,cái đồng hồ
chocolate,sô cô la
Italian,người Ý
Canadian,người Canada
ceiling,trần nhà
sweep,quét
advertising,quảng cáo
universal,phổ cập
spin,quay
button,cái nút
bell,chuông
rank,cấp
darkness,bóng tối
clothing,quần áo
super,siêu
yield,năng suất
fence,rào chắn
portrait,Chân dung
survival,Sự sống còn
roughly,đại khái
lawsuit,vụ kiện
testimony,lời khai
bunch,bó
found,thành lập
burden,gánh nặng
react,phản ứng
chamber,buồng
furniture,đồ nội thất
cooperation,sự hợp tác
string,chuỗi
ceremony,Lễ
communicate,giao tiếp
cheek,má
lost,mất
profile,Hồ sơ
mechanism,cơ chế
disagree,không đồng ý
penalty,hình phạt
ie,I E
resort,nghỉ dưỡng
destruction,sự phá hủy
unlikely,không thể
tissue,khăn giấy
constitutional,hiến pháp
pant,quần
stranger,người lạ
infection,sự nhiễm trùng
cabinet,buồng
broken,vỡ
apple,táo
electric,điện
proceed,tiếp tục
bet,nhưng
literary,văn học
virus,vi-rút
stupid,dốt nát
dispute,tranh giành
fortune,tài sản
strategic,chiến lược
assistant,trợ lý
overcome,khắc phục
remarkable,đáng chú ý
occupy,chiếm
statistics,số liệu thống kê
shopping,mua đồ
cousin,anh chị em họ
encounter,bắt gặp
wipe,lau đi
initially,ban đầu
blind,mù
port,Hải cảng
electricity,điện
genetic,di truyền
adviser,Cố vấn
spokesman,Người phát ngôn
retain,giữ lại
latter,sau này
incentive,khuyến khích
slave,nô lệ
translate,Phiên dịch
accurate,chính xác
whereas,nhưng trái lại
terror,khủng bố
expansion,sự bành trướng
elite,Thượng lưu
Olympic,Olympic
dirt,bụi bẩn
odd,số lẻ
rice,cơm
bullet,đạn
tight,chặt
Bible,Kinh thánh
chart,đồ thị
solar,hệ mặt trời
square,Quảng trường
concentration,nồng độ
complicated,phức tap
gently,dịu dàng
champion,quán quân
scenario,kịch bản
telescope,Kính viễn vọng
reflection,sự phản xạ
revolution,Cuộc cách mạng
strip,dải
interpret,thông dịch
friendly,thân thiện
tournament,Giải đấu
fiction,viễn tưởng
detect,phát hiện
tremendous,to lớn
lifetime,cả đời
recommendation,sự giới thiệu
senator,Thượng nghị sĩ
hunting,săn bắn
salad,xa lát
guarantee,Bảo hành
innocent,vô tội
boundary,ranh giới
pause,tạm ngừng
remote,Xa xôi
satisfaction,sự thỏa mãn
journal,Tạp chí
bench,Băng ghế
lover,người yêu
raw,thô
awareness,nhận thức
surprising,thật ngạc nhiên
withdraw,rút
deck,boong
similarly,Tương tự
newly,mới
pole,không
testify,làm chứng
mode,cách thức
dialogue,hội thoại
imply,"bao hàm, ngụ ý"
naturally,một cách tự nhiên
mutual,qua lại
founder,người sáng lập
advanced,nâng cao
pride,kiêu căng
dismiss,miễn nhiệm
aircraft,phi cơ
delivery,vận chuyển
mainly,chủ yếu
bake,nướng
freeze,Đông cứng
platform,nền tảng
finance,tài chính
sink,bồn rửa chén
attractive,lôi cuốn
diverse,phong phú
relevant,"liên quan, thích hợp"
ideal,lý tưởng
joy,sự vui mừng
regularly,thường xuyên
working,đang làm việc
singer,ca sĩ
evolve,tiến hóa
shooting,chụp
partly,từng phần
unknown,không xác định
offense,xúc phạm
counter,phản đối
DNA,DNA
potentially,có tiềm năng
thirty,ba mươi
justify,Biện minh
protest,phản kháng
crash,Vụ tai nạn
craft,Thủ công
treaty,hiệp ước
terrorist,kẻ khủng bố
insight,cái nhìn thấu suốt
possess,Sở hữu
politically,về mặt chính trị
tap,vỗ nhẹ
extensive,rộng rãi
episode,tập phim
swim,bơi
tire,lốp xe
fault,lỗi
loose,lỏng lẻo
shortly,trong thời gian ngắn
originally,ban đầu
considerable,đáng kể
prior,trước
intellectual,trí tuệ
assault,tấn công
relax,thư giãn
stair,cầu thang
adventure,cuộc phiêu lưu
external,bên ngoài
proof,bằng chứng
confident,tự tin
headquarters,trụ sở chính
sudden,đột nhiên
dirty,dơ bẩn
violation,sự vi phạm
tongue,lưỡi
license,giấy phép
shelter,ẩn núp
rub,Chà
controversy,tranh cãi
entrance,cổng vào
properly,đúng
fade,phai màu
defensive,phòng ngự
tragedy,Bi kịch
net,bọc lưới
characterize,đặc trưng
funeral,tang lễ
profession,nghề nghiệp
alter,thay đổi
constitute,cấu tạo
establishment,thành lập
squeeze,vắt kiệt
imagination,trí tưởng tượng
mask,mặt nạ
convert,đổi
comprehensive,toàn diện
prominent,nổi bật
presentation,bài thuyết trình
regardless,bất kể
load,trọng tải
stable,ổn định
introduction,Giới thiệu
pretend,giả vờ
elderly,người già
representation,đại diện
deer,con nai
split,tách ra
violate,xâm phạm
partnership,quan hệ đối tác
pollution,sự ô nhiễm
emission,khí thải
steady,vững chắc
vital,thiết yếu
fate,định mệnh
earnings,Thu nhập
oven,lò
distinction,sự khác biệt
segment,bộ phận
nowhere,hư không
poet,nhà thơ
mere,hơn
exciting,kích thích
variation,sự thay đổi
comfort,an ủi
radical,căn bản
adapt,thích nghi
Irish,Ailen
honey,Chồng yêu
correspondent,Phóng viên
pale,tái nhợt
musician,nhạc sĩ
significance,ý nghĩa
vessel,tàu
storage,kho
flee,chạy trốn
mm-hmm,mm-hmm
leather,da thú
distribute,phân phát
evolution,sự tiến hóa
ill,tôi sẽ
tribe,Bộ lạc
shelf,cái kệ
grandfather,ông nội
lawn,bãi cỏ
buyer,người mua
dining,Ăn uống
wisdom,khôn ngoan
council,hội đồng
vulnerable,dễ bị tổn thương
instance,ví dụ
garlic,tỏi
capability,khả năng
poetry,thơ
celebrity,Danh nhân
gradually,dần dần
stability,sự ổn định
fantasy,tưởng tượng
scared,sợ hãi
plot,mảnh đất
framework,khuôn khổ
gesture,cử chỉ
depending,tùy
ongoing,đang diễn ra
psychology,tâm lý
counselor,cố vấn
chapter,Chương
divorce,ly hôn
owe,nợ
pipe,đường ống
athletic,Khỏe mạnh
slight,mảnh dẻ
math,môn Toán
shade,bóng râm
tail,đuôi
sustain,duy trì
mount,gắn kết
obligation,nghĩa vụ
angle,góc
palm,lòng bàn tay
differ,khác nhau
custom,tập quán
economist,nhà kinh tế
fifteen,mười lăm
soup,Súp
celebration,lễ kỷ niệm
efficient,có hiệu quả
composition,thành phần
satisfy,thỏa mãn
pile,Đóng cọc
briefly,Tóm tắt
carbon,carbon
closer,gần hơn
consume,tiêu thụ
scheme,cơ chế
crack,nứt
frequency,tần số
tobacco,thuốc lá
survivor,người sống sót
besides,bên cạnh đó
psychologist,nhà tâm lý học
wealthy,giàu có
galaxy,ngân hà
given,được cho
ski,trượt tuyết
limitation,giới hạn
trace,dấu vết
appointment,cuộc hẹn
preference,sự ưa thích
meter,Mét
explosion,Vụ nổ
publicly,công khai
incredible,không thể tin được
fighter,đấu sĩ
rapid,nhanh
admission,nhận vào
hunter,thợ săn
painful,đau đớn
friendship,hữu nghị
aide,phụ tá
infant,Trẻ sơ sinh
calculate,tính toán
fifty,năm mươi
rid,thoát khỏi
porch,hiên nhà
tendency,xu hướng
uniform,đồng phục
formation,sự hình thành
scholarship,học bổng
reservation,Dự phòng
efficiency,hiệu quả
qualify,đủ điều kiện
mall,trung tâm mua sắm
derive,lấy được
scandal,vụ bê bối
PC,máy tính
helpful,Hữu ích
impress,gây ấn tượng
heel,tất cả các
resemble,giống với
privacy,sự riêng tư
fabric,sợi vải
contest,Cuộc thi
proportion,tỷ lệ
guideline,hướng dẫn
rifle,Súng trường
maintenance,Sự bảo trì
conviction,"lòng tin chắc, sự kết án, phán quyết"
trick,lừa
organic,hữu cơ
tent,Cái lều
examination,"kiểm tra, khám nghiệm"
publisher,nhà xuất bản
strengthen,tăng cường
proposed,đề xuất
myth,Chuyện hoang đường
sophisticated,tinh vi
cow,bò
etc,vân vân
standing,đứng
asleep,ngủ
tennis,quần vợt
nerve,thần kinh
barrel,thùng
bombing,ném bom
membership,tư cách thành viên
ratio,tỉ lệ
menu,thực đơn
controversial,gây tranh cãi
desperate,tuyệt vọng
lifestyle,cách sống
humor,hài hước
loud,lớn
glove,găng tay
sufficient,hợp lý
narrative,chuyện kể
photographer,nhiếp ảnh gia
helicopter,máy bay trực thăng
modest,khiêm tốn
provider,các nhà cung cấp
delay,sự chậm trễ
agricultural,nông nghiệp
explode,nổ tung
stroke,Cú đánh
scope,phạm vi
punishment,hình phạt
handful,một nắm đầy tay
badly,tệ
horizon,Chân trời
curious,Tò mò
downtown,trung tâm thành phố
girlfriend,bạn gái
prompt,lời nhắc
cholesterol,cholesterol
absorb,hấp thụ
adjustment,điều chỉnh
taxpayer,người nộp thuế
eager,hăng hái
principal,hiệu trưởng
detailed,chi tiết
motivation,động lực
assignment,phân công
restriction,sự hạn chế
laboratory,phòng thí nghiệm
workshop,xưởng
differently,khác nhau
auto,tự động
romantic,lãng mạn
cotton,bông
motor,Động cơ
sue,kiện
flavor,Hương vị
overlook,bỏ qua
float,trôi nổi
undergo,trải qua
sequence,sự nối tiếp
demonstration,trình diễn
jet,Máy bay phản lực
orange,trái cam
consumption,sự tiêu thụ
assert,khẳng định
blade,lưỡi
temporary,tạm thời
medication,thuốc
cabin,Cabin
bite,cắn
edition,chỉnh sửa
valley,thung lũng
yours,của bạn
pitch,sân cỏ
pine,cây thông
brilliant,rực rỡ
versus,đấu với
manufacturing,chế tạo
absolute,Tuyệt đối
chef,Đầu bếp
discrimination,phân biệt
offensive,phản cảm
boom,bùng nổ
register,Đăng ký
appoint,bổ nhiệm
heritage,di sản
God,Chúa
dominant,có ưu thế
successfully,thành công
shit,Chết tiệt
lemon,Chanh
hungry,đói bụng
wander,đi lang thang
submit,Gửi đi
economics,Kinh tế học
naked,Khỏa thân
anticipate,dự đoán
nut,hạt
legacy,di sản
extension,sự mở rộng
shrug,nhún vai
battery,pin
arrival,đến
legitimate,hợp pháp
orientation,sự định hướng
inflation,lạm phát
cope,đối phó
flame,Ngọn lửa
cluster,cụm
wound,vết thương
dependent,sự phụ thuộc
shower,vòi sen
institutional,thể chế
depict,miêu tả
operating,điều hành
flesh,thịt
garage,ga-ra
operator,nhà điều hành
instructor,người hướng dẫn
collapse,sự sụp đổ
borrow,vay
furthermore,Hơn nữa
comedy,hài kịch
mortgage,thế chấp
sanction,phê chuẩn
civilian,thường dân
twelve,mười hai
weekly,hàng tuần
habitat,môi trường sống
grain,ngũ cốc
brush,chải
consciousness,ý thức
devote,Cứu
measurement,đo đạc
province,tỉnh
ease,xoa dịu
seize,nắm bắt
ethics,Đạo đức
nomination,sự đề cử
permission,sự cho phép
wise,khôn ngoan
actress,nữ diễn viên
summit,Hội nghị thượng đỉnh
acid,axit
odds,tỷ lệ cược
gifted,năng khiếu
frustration,sự thất vọng
medium,Trung bình
physically,thể chất
distinguish,phân biệt
shore,bờ biển
repeatedly,nhiều lần
lung,phổi
running,đang chạy
distinct,riêng biệt
artistic,thuộc về nghệ thuật
discourse,đàm luận
basket,rổ
ah,Thích
fighting,trận đánh
impressive,ấn tượng
competitor,đối thủ
ugly,xấu xí
worried,lo lắng
portray,miêu tả
powder,Bột
ghost,bóng ma
persuade,thuyết phục
moderate,vừa phải
subsequent,tiếp theo
continued,tiếp tục
cookie,bánh quy
carrier,vận chuyển
cooking,nấu ăn
frequent,thường xuyên
ban,lệnh cấm
awful,kinh khủng
admire,khâm phục
pet,thú cưng
miracle,phép màu
exceed,quá
rhythm,nhịp
widespread,phổ biến rộng rãi
killing,giết người
lovely,đẹp
sin,tội
charity,tổ chức từ thiện
script,kịch bản
tactic,chiến thuật
identification,nhận biết
transformation,biến đổi
everyday,Hằng ngày
headline,tiêu đề
venture,liên doanh
invasion,cuộc xâm lăng
nonetheless,Tuy nhiên
adequate,đủ
piano,đàn piano
grocery,cửa hàng tạp hóa
intensity,cường độ
exhibit,Triển lãm
blanket,cái mền
margin,lề
quarterback,Tiền vệ
mouse,con chuột
rope,dây thừng
concrete,bê tông
prescription,đơn thuốc
African-American,Người Mỹ gốc Phi
chase,săn bắt
brick,gạch
recruit,tuyển dụng
patch,vá
consensus,đoàn kết
horror,kinh dị
recording,ghi âm
changing,thay đổi
painter,họa sĩ
colonial,thuộc địa
pie,gần
sake,lợi ích
gaze,ánh mắt
courage,lòng can đảm
pregnancy,thai kỳ
swear,xin thề
defeat,đánh bại
clue,manh mối
reinforce,củng cố
confusion,sự hoang mang
slice,lát cắt
occupation,nghề nghiệp
dear,kính thưa
coal,than
sacred,Linh thiêng
formula,công thức
cognitive,nhận thức
collective,tập thể
exact,chính xác
uncle,Chú
captain,đội trưởng
sigh,thở dài
attribute,thuộc tính
dare,dám
homeless,Vô gia cư
gallery,bộ sưu tập
soccer,bóng đá
defendant,bị cáo
tunnel,đường hầm
fitness,sự thích hợp
lap,LAP
grave,phần mộ
toe,sau đó
container,thùng đựng hàng
virtue,Đức hạnh
abroad,Hải ngoại
architect,kiến trúc sư
dramatically,đáng kể
makeup,trang điểm
inquiry,cuộc điều tra
rose,Hoa hồng
surprisingly,thật ngạc nhiên
highlight,Điểm nổi bật
decrease,giảm bớt
indication,chỉ dẫn
rail,đường sắt
anniversary,dịp kỉ niệm
couch,đi văng
alliance,Liên minh
hypothesis,Giả thuyết
boyfriend,bạn trai
compose,"soạn, biên soạn"
mess,sự lộn xộn
legend,huyền thoại
regulate,điều tiết
adolescent,thanh niên
shine,chiếu sáng
norm,định mức
upset,khó chịu
remark,nhận xét
resign,từ chức
reward,phần thưởng
gentle,dịu dàng
related,có liên quan
organ,đàn organ
lightly,nhẹ nhàng
concerning,liên quan
invent,sáng chế
laughter,Tiếng cười
northwest,Tây Bắc
counseling,Tư vấn
receiver,người nhận
ritual,nghi thức
insect,côn trùng
interrupt,làm gián đoạn
salmon,Cá hồi
trading,thương mại
magic,ma thuật
superior,cấp trên
combat,chiến đấu
stem,thân cây
surgeon,bác sĩ phẫu thuật
acceptable,chấp nhận được
physics,Vật lý
rape,hãm hiếp
counsel,tư vấn
jeans,Quần jean
hunt,săn bắn
continuous,tiếp diễn
log,đăng nhập
echo,tiếng vang
pill,Viên thuốc
excited,bị kích thích
sculpture,điêu khắc
compound,Hợp chất
integrate,tích hợp
flour,bột
bitter,vị đắng
bare,chỉ cần
slope,dốc
rent,thuê
presidency,Chủ tịch
serving,phục vụ
subtle,tế nhị
greatly,rất nhiều
bishop,Giám mục
drinking,uống rượu
acceptance,chấp thuận
pump,bơm
candy,kẹo
evil,tà ác
pleased,vừa lòng
medal,huy chương
beg,ăn xin
sponsor,nhà tài trợ
ethical,đạo đức
secondary,thứ hai
slam,sập
export,xuất khẩu
experimental,thực nghiệm
melt,tan chảy
midnight,nửa đêm
curve,đường cong
integrity,sự chính trực
entitle,quyền
evident,hiển nhiên
logic,Hợp lý
essence,Bản chất
exclude,loại trừ
harsh,thô ráp
closet,buồng nhỏ
suburban,ngoại ô
greet,chào
interior,Nội địa
corridor,hành lang
retail,bán lẻ
march,tháng Ba
snake,con rắn
excuse,thứ lỗi
weakness,yếu đuối
pig,lợn
classical,cổ điển
estimated,ước lượng
T-shirt,Áo thun
unemployment,thất nghiệp
civilization,nền văn minh
fold,gập lại
reverse,đảo ngược
missing,còn thiếu
correlation,tương quan
humanity,Nhân loại
flash,tốc biến
developer,nhà phát triển
reliable,đáng tin cậy
excitement,sự phấn khích
beef,thịt bò
Islam,đạo Hồi
Roman,Roman
architecture,ngành kiến ​​​​trúc
occasional,thỉnh thoảng
administrative,hành chính
elbow,khuỷu tay
deadly,chết người
Hispanic,Tây Ban Nha
allegation,cáo buộc
confuse,nhầm lẫn
airplane,Máy bay
monthly,hàng tháng
duck,Vịt
dose,liều lượng
Korean,Hàn Quốc
plead,biện hộ
initiate,bắt đầu
lecture,bài học
van,từ
sixth,thứ sáu
bay,vịnh
mainstream,Xu hướng
suburb,Vùng ngoại ô
sandwich,bánh mì sandwich
trunk,Thân cây
rumor,Tin đồn
implementation,thực hiện
swallow,nuốt
motivate,động viên
render,kết xuất
longtime,thời gian dài
trap,bẩy
restrict,hạn chế
cloth,vải
seemingly,có vẻ
legislative,lập pháp
effectiveness,hiệu quả
enforce,thi hành
lens,Ống kính
inspector,Thanh tra
lend,cho mượn
plain,trơn
fraud,gian lận
companion,bạn đồng hành
contend,tranh cãi
nail,móng tay
array,mảng
strict,nghiêm khắc
assemble,tập hợp
frankly,thẳng thắn
rat,con chuột
hay,hay
hallway,Hành lang
cave,hang
inevitable,không thể tránh khỏi
southwest,tây nam
monster,quái vật
unexpected,không ngờ tới
obstacle,trở ngại
facilitate,tạo điều kiện
rip,Xé toạc
herb,thảo mộc
overwhelming,áp đảo
integration,hội nhập
crystal,pha lê
recession,suy thoái
written,bằng văn bản
motive,động cơ
flood,lụt
pen,cái bút
ownership,quyền sở hữu
nightmare,Cơn ác mộng
inspection,điều tra
supervisor,người giám sát
consult,Tham khảo ý kiến
arena,Đấu trường
diagnosis,chẩn đoán
possession,chiếm hữu
forgive,tha lỗi
consistently,nhất quán
basement,tầng hầm
drift,trôi dạt
drain,làm khô hạn
prosecution,truy tố
maximum,tối đa
announcement,sự thông báo
warrior,chiến binh
prediction,sự dự đoán
bacteria,vi khuẩn
questionnaire,bảng câu hỏi
mud,bùn
infrastructure,cơ sở hạ tầng
hurry,sự vội vàng
privilege,Đặc quyền
temple,ngôi đền
outdoor,ngoài trời
suck,hút
and/or,và/hoặc
broadcast,phát tin
re,lại
leap,Bước nhảy vọt
random,ngẫu nhiên
wrist,cổ tay
curtain,tấm màn
pond,ao
domain,miền
guilt,tội lỗi
cattle,gia súc
walking,đi dạo
playoff,playoff
minimum,tối thiểu
fiscal,ngân sách
skirt,váy
dump,bãi rác
hence,vì thế
database,cơ sở dữ liệu
uncomfortable,không thoải mái
execute,hành hình
limb,chân tay
ideology,ý thức hệ
tune,điều chỉnh
continuing,tiếp tục
harm,làm hại
railroad,đường sắt
endure,chịu đựng
radiation,sự bức xạ
horn,sừng
chronic,mãn tính
peaceful,hoà bình
innovation,sự đổi mới
strain,sự căng thẳng
guitar,đàn ghi ta
replacement,Thay thế
behave,hành xử
administer,Quản lý
simultaneously,đồng thời
dancer,vũ công
amendment,sửa đổi
pad,tập giấy
transmission,truyền tải
await,chờ đợi
retired,đã nghỉ hưu
trigger,Kích hoạt
spill,tràn
grateful,tri ân
grace,duyên dáng
virtual,ảo
colony,thuộc địa
adoption,nhận con nuôi
indigenous,bản địa
closed,Đóng
convict,kết án
towel,cái khăn lau
modify,biến đổi
particle,Hạt
prize,phần thưởng
landing,đổ bộ
boost,tăng
bat,một
alarm,báo thức
festival,ngày hội
grip,nắm chặt
weird,kỳ dị
undermine,hủy hoại
freshman,Sinh viên năm nhất
sweat,mồ hôi
outer,Bên ngoài
drunk,say rượu
separation,tách biệt
traditionally,theo truyền thống
govern,quản lý
southeast,Đông Nam
intelligent,thông minh
wherever,bất cứ nơi nào
ballot,phiếu
rhetoric,Hùng biện
convinced,bị thuyết phục
driving,điều khiển
vitamin,vitamin
enthusiasm,hăng hái
accommodate,cung cấp
praise,khen
injure,làm bị thương
wilderness,hoang dã
endless,bất tận
mandate,thi hành
respectively,tương ứng
uncertainty,tính không chắc chắn
chaos,sự hỗn loạn
mechanical,cơ khí
canvas,Tranh sơn dầu
forty,bốn mươi
lobby,hành lang
profound,thâm thúy
format,định dạng
trait,đặc điểm
currency,tiền tệ
turkey,Thổ Nhĩ Kỳ
reserve,dự trữ
beam,chùm tia
astronomer,nhà thiên văn học
corruption,tham nhũng
contractor,Nhà thầu
apologize,xin lỗi
doctrine,giáo lý
genuine,thành thật
thumb,ngón tay cái
unity,đoàn kết
compromise,sự thỏa hiệp
horrible,tệ hại
behavioral,hành vi
exclusive,loại trừ
scatter,tiêu tan
commonly,thông thường
convey,chuyên chở
twist,xoắn
complexity,sự phức tạp
fork,cái nĩa
disk,Đĩa
relieve,dịu đi
suspicion,sự nghi ngờ
health-care,chăm sóc sức khỏe
residence,nơi cư trú
shame,nỗi tủi nhục
meaningful,có ý nghĩa
sidewalk,đường đi bộ
Olympics,Thế vận hội
technological,công nghệ
signature,Chữ ký
pleasant,hài lòng
wow,ồ
suspend,đình chỉ
rebel,Rebel
frozen,Đông cứng
spouse,vợ chồng
fluid,dịch
pension,lương hưu
resume,bản tóm tắt
theoretical,lý thuyết
sodium,natri
promotion,khuyến mãi
delicate,Nhạy bén
forehead,trán
rebuild,xây dựng lại
bounce,nảy
electrical,điện
hook,cái móc
detective,thám tử
traveler,Du khách
click,nhấp chuột
exit,lối ra
attraction,sự thu hút
dedicate,cống hiến
altogether,hoàn toàn
pickup,nhặt lên
carve,khắc chạm
needle,cây kim
belly,bụng
scare,sự sợ hãi
portfolio,Danh mục đầu tư
shuttle,Xe đưa đón
invisible,vô hình
timing,thời gian
engagement,hôn ước
ankle,mắt cá
transaction,Giao dịch
rescue,giải thoát
counterpart,đối tác
historically,trong lịch sử
firmly,chắc chắn
mild,nhẹ
rider,người lái
doll,búp bê
noon,không bật
amid,giữa
identical,giống hệt nhau
precise,tóm lược
anxious,lo lắng
structural,cấu trúc
residential,dân cư
diagnose,chẩn đoán
carbohydrate,carbohydrate
liberty,tự do
poster,poster
theology,thần học
nonprofit,phi lợi nhuận
crawl,bò
oxygen,ôxy
handsome,điển trai
sum,Tổng
provided,cung cấp
businessman,doanh nhân
promising,hứa hẹn
conscious,biết rõ
determination,sự quyết tâm
donor,nhà tài trợ
hers,của cô ấy
pastor,mục sư
jazz,Jazz
opera,Opera
acquisition,mua lại
pit,hố
hug,ôm
wildlife,động vật hoang dã
punish,trừng phạt
equity,vốn
doorway,cửa ra vào
departure,sự khởi hành
elevator,thang máy
teenage,Teenage
guidance,hướng dẫn
happiness,niềm hạnh phúc
statue,bức tượng
pursuit,theo đuổi
repair,sửa
decent,tử tế
gym,phòng thể dục
oral,miệng
clerk,nhân viên bán hàng
envelope,phong bì
reporting,Báo cáo
destination,điểm đến
fist,nắm tay
endorse,Chứng thực
exploration,thăm dò
generous,rộng lượng
bath,bồn tắm
thereby,bằng cách ấy
indicator,chỉ báo
sunlight,ánh sáng mặt trời
feedback,Phản hồi
spectrum,quang phổ
purple,màu tím
laser,laser
bold,in đậm
reluctant,miễn cưỡng
starting,bắt đầu
expertise,chuyên môn
practically,thực tế
eating,Ăn
hint,gợi ý
sharply,sắc sảo
parade,cuộc diễu hành
realm,vương quốc
cancel,sự hủy bỏ
blend,trộn
therapist,nhà trị liệu
peel,bóc
pizza,pizza
recipient,người nhận
hesitate,do dự
accounting,kế toán
bias,Thiên kiến
huh,Huh
metaphor,ẩn dụ
candle,nến
judicial,Tư pháp
entity,thực thể
suffering,đau khổ
full-time,toàn thời gian
lamp,nguồn sáng
garbage,rác
servant,người hầu
regulatory,quy định
diplomatic,ngoại giao
elegant,thanh lịch
reception,thu nhận
vanish,biến mất
automatically,tự động
chin,cái cằm
necessity,sự cần thiết
confess,xưng
racism,phân biệt chủng tộc
starter,khởi đầu
banking,Ngân hàng
casual,bình thường
gravity,Trọng lực
enroll,đăng ký
diminish,giảm bớt
prevention,Phòng ngừa
minimize,giảm thiểu
chop,chặt
performer,người biểu diễn
intent,ý định
isolate,cô lập
inventory,hàng tồn kho
productive,hiệu quả
assembly,"hội,, tổ hợp"
civic,công dân
silk,lụa
magnitude,kích cỡ
steep,dốc
hostage,con tin
collector,người thu thập
popularity,phổ biến
alien,người ngoài hành tinh
dynamic,năng động
scary,đáng sợ
equation,phương trình
angel,Thiên thần
offering,chào bán
rage,cơn thịnh nộ
photography,nhiếp ảnh
toilet,phòng vệ sinh
disappointed,thất vọng
precious,quí
prohibit,cấm
realistic,thực tế
hidden,ẩn giấu
tender,mềm
gathering,thu thập
outstanding,vượt trội
stumble,tình cờ gặp
lonely,cô đơn
automobile,Ô tô
artificial,nhân tạo
dawn,bình minh
abstract,trừu tượng
descend,xuống
silly,ngớ ngẩn
tide,thủy triều
shared,chia sẻ
hopefully,Hy vọng
readily,dễ dàng
cooperate,hợp tác
revolutionary,cuộc cách mạng
romance,lãng mạn
hardware,phần cứng
pillow,cái gối
kit,bộ dụng cụ
continent,Châu lục
seal,niêm phong
circuit,Mạch
ruling,phán quyết
shortage,thiếu
annually,hàng năm
lately,gần đây
scan,quét
fool,lừa gạt
deadline,đường giới hạn
rear,phần phía sau
processing,Chế biến
ranch,trang trại
coastal,duyên hải
undertake,đảm nhận
softly,nhẹ nhàng
burning,Đốt cháy
verbal,bằng lời nói
tribal,bộ lạc
ridiculous,nực cười
automatic,tự động
diamond,kim cương
credibility,sự uy tín
import,nhập khẩu
sexually,tình dục
divine,thần thánh
sentiment,tình cảm
cart,xe đẩy
oversee,giám sát
o'clock,Giảm giờ
elder,đàn anh
pro,Pro
inspiration,cảm hứng
Dutch,Hà Lan
quantity,số lượng
trailer,đoạn phim giới thiệu
mate,dịch bệnh
Greek,người Hy Lạp
genius,Thiên tài
monument,đài kỷ niệm
bid,đấu thầu
quest,nhiệm vụ
sacrifice,hy sinh
invitation,Thư mời
accuracy,sự chính xác
juror,JUROR
officially,chính thức
broker,môi giới
treasure,kho báu
loyalty,lòng trung thành
talented,có tài
gasoline,xăng
stiff,cứng
output,đầu ra
nominee,Ứng cử viên
extended,mở rộng
diabetes,Bệnh tiểu đường
slap,tát
toxic,độc hại
alleged,bị cáo buộc
jaw,hàm
grief,nỗi buồn
mysterious,bí ẩn
rocket,tên lửa
donate,quyên tặng
inmate,tù nhân
tackle,giải quyết
dynamics,động lực
bow,cây cung
ours,của chúng tôi
dignity,phẩm giá
carpet,thảm
parental,cha mẹ
bubble,bong bóng
buddy,Bạn bè
barn,Barn
sword,thanh kiếm
seventh,thứ bảy
glory,Vinh quang
tightly,chặt chẽ
protective,bảo vệ
tuck,nhét
drum,cái trống
faint,mờ nhạt
queen,nữ hoàng
dilemma,tình trạng khó xử
input,đầu vào
specialize,chuyên về
northeast,Đông Bắc
shallow,Nông cạn
liability,trách nhiệm pháp lý
sail,chèo
merchant,thương gia
stadium,sân vận động
improved,cải thiện
bloody,dính máu
associated,có liên quan
withdrawal,rút tiền
refrigerator,tủ đá
nest,tổ
thoroughly,triệt để
lane,làn đường
ancestor,Tổ tiên
condemn,lên án
steam,hơi nước
accent,giọng
optimistic,lạc quan
unite,Đoàn kết
cage,lồng
equip,Trang bị
shrimp,con tôm
homeland,quê hương
rack,giá đỡ
costume,Trang phục
wolf,chó sói
courtroom,phòng xử án
statute,Quy chế
cartoon,phim hoạt hình
productivity,năng suất
grin,nụ cười
symbolic,biểu tượng
bug,bọ cánh cứng
bless,ban phước
aunt,dì
agriculture,nông nghiệp
hostile,thù địch
conceive,tưởng tượng
combined,Kết hợp
instantly,ngay lập tức
bankruptcy,Phá sản
vaccine,vắc -xin
bonus,thưởng
collaboration,sự hợp tác
mixed,Trộn
opposed,phản đối
orbit,quỹ đạo
grasp,sự hiểu biết
patience,kiên nhẫn
spite,Spite
tropical,nhiệt đới
voting,bỏ phiếu
patrol,Tuần tra
willingness,sự tự nguyện
revelation,Khải Huyền
calm,điềm tĩnh
jewelry,trang sức
Cuban,Cuba
haul,lôi
concede,công nhận
afterward,sau đó
spectacular,đẹp mắt
ruin,sự đổ nát
sheer,tuyệt đối
immune,miễn dịch
reliability,độ tin cậy
ass,Là
alongside,cùng với
bush,Bush
exotic,kỳ lạ
fascinating,lôi cuốn
clip,kẹp
thigh,đùi
bull,bò đực
drawer,ngăn kéo
sheep,con cừu
discourage,không khuyến khích
coordinator,điều phối viên
ideological,ý thức hệ
runner,Á hậu
secular,thế tục
intimate,thân mật
empire,Đế chế
cab,taxi
exam,thi
documentary,phim tài liệu
neutral,trung lập
biology,sinh học
flexible,Linh hoạt
progressive,cấp tiến
web,Web
conspiracy,âm mưu
casualty,tai nạn
republic,Cộng hòa
execution,chấp hành
terrific,khủng khiếp
whale,cá voi
functional,chức năng
instinct,bản năng
teammate,đồng đội
aluminum,nhôm
whoever,bất cứ ai
ministry,Bộ
verdict,Phán quyết
instruct,dạy
skull,đầu lâu
self-esteem,lòng tự trọng
cooperative,hợp tác
manipulate,vận dụng
bee,con ong
practitioner,người hành nghề
loop,vòng
edit,chỉnh sửa
whip,roi da
puzzle,câu đố
mushroom,nấm
subsidy,trợ cấp
boil,sôi lên
tragic,bi thảm
mathematics,toán học
mechanic,thợ cơ khí
jar,cái lọ
earthquake,động đất
pork,thịt lợn
creativity,sáng tạo
safely,an toàn
underlying,cơ bản
dessert,món tráng miệng
sympathy,cảm thông
fisherman,ngư dân
incredibly,vô cùng
isolation,sự cô lập
sock,bít tất
eleven,mười một
sexy,Sexy
entrepreneur,Doanh nhân
syndrome,hội chứng
bureau,Cục
workplace,nơi làm việc
ambition,tham vọng
touchdown,Touchdown
utilize,Sử dụng
breeze,gió
costly,tốn kém
ambitious,đầy tham vọng
Christianity,Kitô giáo
presumably,có lẽ
influential,có ảnh hưởng
translation,dịch
uncertain,không chắc chắn
dissolve,hòa tan
statistical,thống kê
gut,ruột
metropolitan,Metropolitan
rolling,lăn
aesthetic,thẩm mỹ
spell,Đánh vần
insert,chèn
booth,gian hàng
helmet,mũ bảo hiểm
waist,thắt lưng
expected,hy vọng
lion,sư tử
accomplishment,thành tựu
royal,Hoàng Gia
panic,hoảng loạn
crush,người mình thích
actively,tích cực
cliff,vách đá
minimal,tối thiểu
cord,dây
fortunately,May mắn thay
cocaine,cocaine
illusion,ảo giác
anonymous,vô danh
tolerate,tha thứ
appreciation,sự đánh giá
commissioner,Ủy viên
flexibility,Uyển chuyển
instructional,hướng dẫn
scramble,tranh giành
casino,sòng bạc
tumor,khối u
decorate,trang hoàng
pulse,xung
fixed,đã sửa
experienced,có kinh nghiệm
donation,Quyên góp
diary,Nhật ký
sibling,anh em ruột
irony,Trớ trêu
midst,giữa
alley,hẻm
interact,tương tác
soap,xà bông tắm
cute,dễ thương
rival,đối thủ
short-term,thời gian ngắn
punch,đấm
pin,ghim
hockey,khúc côn cầu
passing,đi qua
persist,kiên trì
supplier,nhà cung cấp
known,được biết đến
momentum,Quán tính
purse,cái ví
shed,túp lều
liquid,chất lỏng
icon,biểu tượng
elephant,con voi
consequently,hậu quả là
legislature,Cơ quan lập pháp
franchise,nhượng quyền thương mại
correctly,chính xác
mentally,tinh thần
foster,nuôi dưỡng
bicycle,Xe đạp
encouraging,khuyến khích
cheat,gian lận
heal,chữa trị
fever,sốt
filter,lọc
rabbit,Con thỏ
coin,đồng tiền
exploit,khai thác
accessible,có thể truy cập
organism,sinh vật
sensation,cảm giác
partially,một phần
upstairs,tầng trên
dried,khô
conservation,sự bảo tồn
shove,xô
backyard,sân sau
charter,Điều lệ
stove,cái lò
consent,đồng ý
comprise,bao gồm
reminder,lời nhắc nhở
alike,như nhau
placement,vị trí
dough,bột
grandchild,cháu
dam,đập
reportedly,được báo cáo
well-known,nổi tiếng
surrounding,bao quanh
ecological,sinh thái
outfit,trang phục
unprecedented,chưa từng có
columnist,chuyên mục
workout,tập thể dục
preliminary,sơ bộ
patent,bằng sáng chế
shy,nhát
trash,rác
disabled,Vô hiệu hóa
gross,tổng
damn,chỉ trích
hormone,Hormone
texture,kết cấu
pencil,cây bút chì
frontier,biên giới
spray,Xịt nước
disclose,tiết lộ
custody,sự coi giư
banker,nhân viên ngân hàng
beast,quái thú
interfere,gây trở ngại
oak,Sồi
eighth,thứ tám
notebook,sổ tay
outline,đề cương
attendance,sự tham dự
speculation,đầu cơ
uncover,Không thể phát hiện được
behalf,thay mặt
innovative,sáng tạo
shark,cá mập
mill,cối xay
installation,cài đặt
stimulate,kích thích
tag,nhãn
vertical,thẳng đứng
swimming,bơi lội
fleet,Hạm đội
catalog,mục lục
outsider,người ngoài cuộc
desperately,tuyệt vọng
stance,lập trường
compel,bắt buộc
sensitivity,nhạy cảm
someday,một ngày nào đó
instant,lập tức
debut,ra mắt
proclaim,tuyên bố
worldwide,trên toàn thế giới
hike,đi lang thang
required,cần thiết
confrontation,đối đầu
colorful,Đầy màu sắc
constitution,Tổ chức
trainer,Huấn luyện viên
Thanksgiving,Lễ tạ ơn
scent,hương thơm
stack,cây rơm
eyebrow,lông mày
sack,bao
cease,ngưng
inherit,INRES
tray,cái mâm
pioneer,Tiên phong
organizational,tổ chức
textbook,sách giáo khoa
uh,uh
nasty,khó chịu
shrink,co lại
emerging,mới nổi
dot,chấm
wheat,lúa mì
fierce,hung dữ
envision,hình dung
rational,hợp lý
kingdom,Vương quốc
aisle,lối đi
weaken,suy yếu
protocol,giao thức
exclusively,duy nhất
vocal,giọng hát
marketplace,thương trường
openly,công khai
unfair,không công bằng
terrain,Địa hình
deploy,triển khai
risky,rủi ro
pasta,mỳ ống
genre,thể loại
distract,đánh lạc hướng
merit,công lao
planner,người lập kế hoạch
depressed,trầm cảm
chunk,Chunk
closest,gần nhất
discount,chiết khấu
ladder,thang
jungle,rừng nhiệt đới
migration,di cư
breathing,thở
invade,xâm lược
hurricane,bão
retailer,Nhà bán lẻ
classify,phân loại
coup,đảo chính
ambassador,Đại sứ
density,Tỉ trọng
supportive,hỗ trợ
curiosity,sự tò mò
skip,nhảy
aggression,Hiếu chiến
stimulus,kích thích kinh tế
journalism,Báo chí
robot,Robot
dip,"nhúng, dìm"
likewise,Tương tự như vậy
informal,không chính thức
Persian,Ba Tư
feather,lông vũ
sphere,quả cầu
tighten,Thắt chặt
boast,khoe khoang
pat,Pat
perceived,lĩnh hội
sole,Duy Nhất
publicity,công khai
unfold,mở ra
well-being,hạnh phúc
validity,Hiệu lực
ecosystem,Hệ sinh thái
strictly,nghiêm ngặt
partial,một phần
collar,cổ áo
weed,cần sa
compliance,sự tuân thủ
streak,vệt
supposedly,được cho là
added,thêm
builder,người xây dựng
glimpse,cái nhìn thoáng qua
premise,tiền đề
specialty,chuyên môn
deem,được coi là
artifact,cổ vật
sneak,Lén lút
monkey,con khỉ
mentor,người cố vấn
two-thirds,Hai phần ba
listener,thính giả
lightning,Lightning
legally,về mặt pháp lý
sleeve,Măng xông
disappointment,Thất vọng
disturb,quấy rầy
rib,xương sườn
excessive,quá đáng
high-tech,công nghệ cao
debris,Mảnh vụn
rod,gậy
logical,hợp lý
ash,tro
socially,Về mặt xã hội
parish,Giáo xứ
slavery,Chế độ nô lệ
blank,trống
commodity,hàng hóa
cure,chữa khỏi
mineral,khoáng sản
hunger,nạn đói
dying,chết
developmental,phát triển
faster,nhanh hơn
spare,bổ sung
halfway,Nửa chừng
equality,sự bình đẳng
cemetery,Nghĩa trang
harassment,quấy rối
deliberately,thong thả
fame,danh tiếng
regret,hối tiếc
striking,nổi bật
likelihood,khả năng
carrot,Cà rốt
atop,trên
toll,Số điện thoại
rim,vành
embarrassed,lúng túng
fucking,đụ
cling,bám lấy
isolated,bị cô lập
blink,chớp mắt
suspicious,khả nghi
wheelchair,Xe lăn
squad,Đội hình
eligible,đạt chuẩn
processor,bộ xử lý
plunge,lao xuống
demographic,nhân khẩu học
chill,làm lạnh
refuge,nơi ẩn náu
steer,chỉ đạo
legislator,Nhà lập pháp
rally,tập hợp
programming,lập trình
cheer,reo hò
outlet,chỗ thoát
intact,nguyên vẹn
vendor,người bán
thrive,phát triển
peanut,đậu phụng
chew,nhai
elaborate,phức tạp
conception,quan niệm
auction,bán đấu giá
steak,miếng bò hầm
comply,tuân theo
triumph,Triumph
shareholder,Cổ đông
comparable,có thể so sánh
transport,gây xúc động mạnh
conscience,lương tâm
calculation,phép tính
considerably,đáng chú ý
interval,khoảng thời gian
scratch,cào
awake,thức giấc
jurisdiction,quyền hạn
inevitably,chắc chắn
feminist,nữ quyền
constraint,hạn chế
emotionally,về mặt cảm xúc
expedition,cuộc thám hiểm
allegedly,bị cáo buộc
similarity,sự giống nhau
butt,mông
lid,Nắp
dumb,câm
bulk,số lượng lớn
sprinkle,rắc rắc
mortality,tỷ lệ tử vong
philosophical,triết học
conversion,chuyển đổi
patron,Người bảo trợ
municipal,thành phố
liver,Gan
harmony,hòa điệu
solely,cô độc
tolerance,lòng khoan dung
goat,con dê
blessing,Chúc phúc
banana,chuối
palace,cung điện
formerly,trước kia
peasant,tá điền
neat,khéo léo
grandparent,ông bà
lawmaker,nhà lập pháp
supermarket,Siêu thị
cruise,du thuyền
mobile,di động
calendar,lịch
widow,Góa phụ
deposit,đặt cọc
beard,râu
brake,phanh
screening,sàng lọc
impulse,thúc đẩy
forbid,ngăn cấm
fur,lông thú
brutal,tàn bạo
predator,Kẻ săn mồi
poke,xô
opt,opt
voluntary,tình nguyện
valid,có hiệu lực
forum,diễn đàn
dancing,khiêu vũ
happily,hạnh phúc
soar,bay lên
removal,gỡ bỏ
autonomy,quyền tự trị
enact,ban hành
thread,chủ đề
landmark,phong cảnh
unhappy,không vui
offender,người phạm tội
coming,đang tới
privately,riêng tư
fraction,phân số
distinctive,đặc biệt
tourism,Du lịch
threshold,ngưỡng
routinely,thường xuyên
suite,Thượng hạng
regulator,điều chỉnh
straw,Rơm rạ
theological,thần học
exhaust,khí thải
globe,khối cầu
fragile,dễ vỡ
objection,sự phản đối
chemistry,hoá học
old-fashioned,Cổ hủ
crowded,Đông người
blast,Vụ nổ
prevail,Chiếm ưu thế
overnight,qua đêm
denial,từ chối
rental,cho thuê
fantastic,tuyệt vời
fragment,miếng
screw,Đinh ốc
warmth,sự ấm áp
undergraduate,Đại học
headache,đau đầu
policeman,cảnh sát
projection,chiếu
suitable,thích hợp
graduation,tốt nghiệp
drill,máy khoan
cruel,hung ác
mansion,biệt thự
grape,giống nho
authorize,ủy quyền
cottage,túp lều
driveway,đường lái xe
charm,quyến rũ
sexuality,tình dục
loyal,trung thành
clay,Đất sét
balloon,khí cầu
invention,sự phát minh
ego,Cái tôi
fare,Làm
homework,bài tập về nhà
disc,đĩa
sofa,ghế sô pha
availability,khả dụng
radar,radar
frown,nhăn mặt
regain,lấy lại
sweater,áo len
rehabilitation,Phục hồi chức năng
rubber,cao su
retreat,rút lui
molecule,phân tử
freely,tự do
favorable,thuận lợi
steadily,đều đặn
integrated,tích hợp
ha,ha
youngster,Thanh niên
premium,phần thưởng
accountability,trách nhiệm giải trình
overwhelm,choáng ngợp
one-third,Một phần ba
contemplate,thưởng ngoạn
update,cập nhật
spark,tia lửa
ironically,Trớ trêu thay
fatigue,sự mệt mỏi
speculate,suy đoán
marker,đánh dấu
preach,thuyết giáo
bucket,Gầu múc
blond,tóc vàng
confession,lời thú tội
provoke,khiêu khích
marble,đá hoa
substantially,đáng kể
defender,Hậu vệ
explicit,rõ ràng
disturbing,phiền
surveillance,giám sát
magnetic,Từ tính
technician,kỹ thuật viên
mutter,người mẹ
devastating,tàn phá
depart,khởi hành
arrow,mũi tên
trauma,tổn thương
neighboring,lân cận
soak,ngâm
ribbon,ruy-băng
meantime,trong khi đó
transmit,chuyển giao
harvest,mùa gặt
consecutive,Liên tiếp
coordinate,Tọa độ
spy,gián điệp
slot,chỗ
riot,cuộc náo loạn
nutrient,chất dinh dưỡng
citizenship,quyền công dân
severely,tàn khốc
sovereignty,Chủ quyền
brave,can đảm
lighting,thắp sáng
specify,chỉ định
contributor,người đóng góp
frustrate,thất vọng
articulate,khớp nối
importantly,quan trọng
transit,quá cảnh
dense,ngu độn
seminar,Hội thảo
electronics,thiết bị điện tử
sunny,nắng
shorts,quần short
swell,sưng lên
accusation,buộc tội
soften,Làm mềm
straighten,thẳng
terribly,khủng khiếp
cue,gợi ý
bride,cô dâu
biography,tiểu sử
hazard,nguy hiểm
compelling,thuyết phục
seldom,hiếm khi
tile,gạch
economically,về mặt kinh tế
honestly,thành thật
troubled,rắc rối
twentieth,thứ hai mươi
balanced,cân bằng
foreigner,Người nước ngoài
convenience,tiện
delight,Hân hoan
weave,dệt
timber,Gỗ
till,đến
accurately,chính xác
plea,lời thú tội
bulb,bóng đèn tròn
flying,Bay
sustainable,bền vững
devil,ác quỷ
bolt,chớp
cargo,hàng hóa
spine,xương sống
seller,người bán
skilled,có kỹ năng
managing,quản lý
marine,hàng hải
dock,Dock
organized,được tổ chức
fog,sương mù
diplomat,nhà ngoại giao
boring,nhàm chán
sometime,thỉnh thoảng
summary,tóm lược
missionary,Nhà truyền giáo
epidemic,bệnh dịch
fatal,gây tử vong
trim,Cắt
warehouse,Kho
accelerate,Thúc giục
butterfly,Con bướm
bronze,Đồng
drown,chết chìm
inherent,vốn có
nationwide,toàn quốc
spit,nhổ nước bọt
kneel,quỳ gối
vacuum,máy hút bụi
selected,đã chọn
dictate,ra lệnh
